code,type,name
688223,箱体回踩,晶科能源
000683,箱体回踩,博源化工
603050,箱体回踩,科林电气
000059,箱体回踩,华锦股份
002462,箱体回踩,嘉事堂
603279,箱体回踩,景津装备
600251,箱体回踩,冠农股份
605050,箱体回踩,福然德
002448,箱体回踩,中原内配
002546,箱体回踩,新联电子
000922,箱体回踩,佳电股份
002328,箱体回踩,新朋股份
600029,箱体回踩,南方航空
600819,箱体回踩,耀皮玻璃
603855,箱体回踩,华荣股份
688722,箱体回踩,同益中
002232,箱体回踩,启明信息
603500,箱体回踩,祥和实业
603055,箱体回踩,台华新材
002590,箱体回踩,万安科技
600667,箱体回踩,太极实业
002562,箱体回踩,兄弟科技
600601,箱体回踩,方正科技
603811,箱体回踩,诚意药业
002548,箱体回踩,金新农
600999,箱体回踩,招商证券
600499,箱体回踩,科达制造
000728,箱体回踩,国元证券
603028,箱体回踩,赛福天
600686,箱体回踩,金龙汽车
600230,箱体回踩,沧州大化
603339,箱体回踩,四方科技
002539,箱体回踩,云图控股
600236,箱体回踩,桂冠电力
600330,箱体回踩,天通股份
002476,箱体回踩,宝莫股份
600739,箱体回踩,辽宁成大
002121,箱体回踩,科陆电子
603617,箱体回踩,君禾股份
600955,箱体回踩,维远股份
601068,箱体回踩,中铝国际
002522,箱体回踩,浙江众成
002457,箱体回踩,青龙管业
600232,箱体回踩,金鹰股份
002333,箱体回踩,罗普斯金
002357,箱体回踩,富临运业
603876,箱体回踩,鼎胜新材
002346,箱体回踩,柘中股份
600359,箱体回踩,新农开发
600983,箱体回踩,惠而浦
002258,箱体回踩,利尔化学
603877,箱体回踩,太平鸟
